{"mean": [1.7451282766600669, 85.49121136254425, 28.638040301951047, 7.008423858902721, 0.489, 0.511, 0.321, 0.335, 0.344, 149.28060784983816, 201.12961111468655], "scale": [0.14599562836553603, 20.443063334011097, 8.375667820827271, 1.7349474066917097, 0.4998789853554558, 0.4998789853554558, 0.4668607929565301, 0.4719904660054057, 0.47504105085771264, 38.17840269042621, 78.83511923852562]}